	logFC	AveExpr	t	P.Value	adj.P.Val	B	change
LAMC2	2.90894425661799	6.99124626262944	20.4178410743338	1.16622899998706e-61	1.97559192597808e-57	129.539312581248	up
LAMB3	2.28665832535557	6.59437598976294	19.0953407588711	2.85807836657675e-56	2.42079237649051e-52	117.260069257346	up
TSPAN1	2.50198875040044	7.08066014010969	18.0707442411908	4.35033571029218e-52	2.45648956441165e-48	107.727431391093	up
ASAP2	1.14426484854938	7.17672202727498	17.9005865975486	2.15159541094828e-51	9.11200656536598e-48	106.144919537852	up
MBOAT2	1.50861449435649	6.03597716576013	17.4266974657936	1.83913171947104e-49	6.23097826556789e-46	101.741029711428	up
TMPRSS4	2.39302305800367	5.87982089286722	17.2470525051999	9.91101732889868e-49	2.79821055919239e-45	100.073395348755	up
SLC6A14	3.08982150025808	5.17221263323371	17.1925829285959	1.65121673775613e-48	3.99594450536984e-45	99.568004236031	up
NOX4	1.94334477946123	5.39121278282083	17.1276351115389	3.03432379232353e-48	6.42518063024508e-45	98.9655549395879	up
SULF1	2.41882234337017	7.93817186452499	16.9450459691385	1.67692759991887e-47	3.15635039362507e-44	97.2729059749363	up
ITGA2	2.06202922681496	7.15903369989668	16.8897155729602	2.81421424773699e-47	4.59436470897921e-44	96.760301606995	up
SLPI	2.16381879731241	7.92099212008544	16.8834768249251	2.98335370712936e-47	4.59436470897921e-44	96.7025131552645	up
CAPG	1.63003041624222	7.31745008082848	16.7871440854621	7.3447940895934e-47	1.03684009898093e-43	95.8104652048399	up
KRT19	2.65586462085942	8.00142245193836	16.7731896875713	8.36834096034793e-47	1.04509317893488e-43	95.6812889457747	up
COL11A1	2.58841759117475	6.22500778157261	16.7698079566572	8.6371337102056e-47	1.04509317893488e-43	95.6499858231938	up
CDH3	1.65651277220038	5.89797940920406	16.7441137272502	1.09820183699741e-46	1.24023594124907e-43	95.4121675055639	up
COL10A1	2.37310167274502	6.68402677335523	16.619687132895	3.5122142291412e-46	3.71855681510325e-43	94.2610612118497	up
CTSE	2.8897137402951	8.04638457883923	16.5671295209913	5.7375064552905e-46	5.71725643250712e-43	93.775121021288	up
MYOF	1.67380041825975	8.5474123407933	16.4064892013262	2.56855244599876e-45	2.41729324640106e-42	92.2909858170993	up
ECT2	1.63971960056494	5.64591476428351	16.0560975279019	6.70999257934601e-44	5.98248812074323e-41	89.0602684356779	up
MLPH	1.54729748351805	6.61836961481881	16.0446855838581	7.46107795310929e-44	6.31953302628357e-41	88.9552107951239	up
FGD6	1.22561766902118	5.48571051690766	15.9895349962796	1.24572507136014e-43	1.00488489089718e-40	88.447653781133	up
PKM	1.20998603506564	8.43009878560431	15.98108134216	1.34752263994139e-43	1.03759243275487e-40	88.3698769529814	up
MET	1.58071702100775	7.99980704869625	15.9082576521558	2.65029975956072e-43	1.95200338812863e-40	87.7001309951072	up
KCNN4	1.13207307816419	5.21318451745218	15.7233891119943	1.4725592021066e-42	9.97806115347435e-40	86.0021051622045	up
APOL1	1.44273217511514	7.06174305372274	15.6387130430667	3.22646777668152e-42	2.0243097828513e-39	85.2254477520357	up
S100A16	1.22604243637274	7.75975418968142	15.5787354043747	5.62119651269707e-42	3.40082389018173e-39	84.6757633663796	up
GALNT5	2.03053301514733	5.77597150841705	15.5598497682773	6.69441840385559e-42	3.91046371590737e-39	84.5027565265223	up
HK2	1.49902978487881	6.36105352995887	15.5374698312549	8.23410336370907e-42	4.64952369937439e-39	84.297787416548	up
TRIM59	1.10207183551308	4.93087110452129	15.2972321161391	7.57174446554516e-41	4.00829222644797e-38	82.1009634562337	up
FN1	2.06514788108684	7.64449849569321	15.2383009101854	1.30356194078242e-40	6.6916179626831e-38	81.5630709825227	up
NQO1	1.67681165180914	6.08567839521869	15.2312925266007	1.39052394268425e-40	6.92808105560915e-38	81.4991293713105	up
ITGA3	1.5357226745257	6.41551061695402	15.2169035228366	1.5876463502912e-40	7.6842083354094e-38	81.3678682924816	up
TRIM29	1.9618346166587	5.94861887599114	15.1817941295405	2.19378067117095e-40	1.03229568248988e-37	81.0476931101188	up
AMIGO2	1.11780587695566	6.92402180997938	15.1388374197065	3.25787294112716e-40	1.49157750331606e-37	80.6561582150064	up
SDC1	1.18569805624731	6.86142360341068	15.1229302638451	3.77143001444568e-40	1.68126380117657e-37	80.5112275148643	up
CEACAM6	3.023457246197	8.09171321920476	15.1069977270366	4.36682495939904e-40	1.89676961056974e-37	80.3660968849623	up
THBS2	2.19940388963958	8.76621579021126	15.0656253707018	6.38863652373368e-40	2.70558756780121e-37	79.9893807676292	up
ANTXR1	1.49920158762053	6.06129156751033	15.0613316468946	6.64587381862724e-40	2.74588054847672e-37	79.9502965562016	up
STYK1	1.31139011745014	4.1254884986176	15.0542689552763	7.09168916845282e-40	2.86031463127597e-37	79.8860124994328	up
MYO1E	1.0296784933765	6.8066314329125	15.0422644281121	7.91901447365749e-40	3.11972337636646e-37	79.7767627437694	up
S100A11	1.16420839314712	9.03733282843574	14.8715836427831	3.79439708992635e-39	1.39732797181201e-36	78.225465554483	up
OSBPL3	1.35667434140804	6.18909455003217	14.8306788602796	5.52042508694282e-39	1.98970214835769e-36	77.8542623398149	up
IFI27	1.7635207579056	7.57634479590281	14.8261848719036	5.75248790973944e-39	2.03014885814555e-36	77.8134941457298	up
CD9	1.06156676148002	9.46184105370131	14.8235032464541	5.89557669132421e-39	2.03818508471494e-36	77.7891685153033	up
NHS	1.05736854468461	5.43541761137375	14.8127724701174	6.50461098753704e-39	2.20376220257755e-36	77.6918371021118	up
NTM	1.1854058172263	5.947108116102	14.800835896075	7.25614315699225e-39	2.41017774665586e-36	77.5835873705565	up
PLEK2	1.30130692873886	6.55952952598308	14.786391886999	8.28235179789841e-39	2.6472271595547e-36	77.4526247063913	up
S100A6	1.48690043949643	9.06663593756199	14.7832446555088	8.52450990470042e-39	2.67417032936343e-36	77.4240928543677	up
PLPP4	1.44391459663033	5.54209675395227	14.7648317262686	1.00897638109103e-38	3.10764725376037e-36	77.2571944477909	up
FERMT1	1.48842380965927	6.11207130503372	14.7616686428178	1.03861754903805e-38	3.14181808584009e-36	77.228528406512	up
GPRC5A	1.92771472889445	6.57921575758341	14.7528651993958	1.12577094627455e-38	3.34571225085804e-36	77.148752923064	up
TRIM16	1.03014011785204	5.94893611910093	14.7487746714822	1.16871495093781e-38	3.4134536670494e-36	77.1116888771647	up
FBXO32	1.48366301068185	6.77455493122073	14.7212787620647	1.50303685967239e-38	4.31549905133057e-36	76.8626112449412	up
PLAU	1.67120415009995	7.58852741001089	14.7176854824134	1.55326260060573e-38	4.38537807571018e-36	76.8300686577978	up
IL1RAP	1.13433197039356	6.38876801071161	14.6419518499593	3.10405993898129e-38	8.62012710923658e-36	76.1446165574363	up
VCAN	2.26183420243695	8.75013189605629	14.6242141386603	3.65007730936271e-38	9.97295316461359e-36	75.9841956896157	up
SDR16C5	1.91535628966733	5.02978864935679	14.5976333772802	4.65286182452661e-38	1.25110284615049e-35	75.7438842433282	up
SGIP1	1.05613572750265	4.61590450735768	14.581216497169	5.4051301455589e-38	1.43067038540262e-35	75.595514608991	up
CEACAM5	3.32457739679378	6.80665692199501	14.542710806539	7.68062678180425e-38	2.00168950282714e-35	75.2476721944984	up
ARNTL2	1.40983197547816	5.28255216671763	14.532144429593	8.45770008369999e-38	2.15212374983078e-35	75.1522594076093	up
LY6E	1.24378063890645	6.81181253460031	14.5314434781847	8.51194163156213e-38	2.15212374983078e-35	75.1459305183882	up
EDNRA	1.82759329969802	6.35662682118734	14.4856448562344	1.29228885105918e-37	3.21931957896212e-35	74.7325765362869	up
GJB2	1.901051712063	5.85729280339827	14.4094015429954	2.58773946653421e-37	6.26232950901279e-35	74.04516079829	up
IGFBP3	1.74967111914326	8.10964534975649	14.3971781055656	2.89221586167082e-37	6.90058263333855e-35	73.9350376937834	up
ITGB4	1.20546376551662	5.82668795152323	14.3896906322065	3.09612210491091e-37	7.28448728572094e-35	73.8675933564688	up
CDH11	1.74481100728356	7.52230834994887	14.3738676807989	3.5754537516421e-37	8.29701185655031e-35	73.7250953514981	up
S100A10	1.06506933181268	11.1622822659203	14.3668138896416	3.81235765465444e-37	8.7272079283576e-35	73.6615832715111	up
ADAM9	1.42253414068569	7.63381290868491	14.3094858022018	6.41965580495793e-37	1.44998625781316e-34	73.1456985731693	up
MST1R	1.22356865244298	5.44494589653561	14.2365338146133	1.24501812686456e-36	2.73903987910204e-34	72.4899886176274	up
MMP11	1.64963519467158	6.24032950891875	14.2108497935383	1.57167383252819e-36	3.41078226814512e-34	72.2593433573981	up
ANO1	1.22667395006483	5.8270170069933	14.2095282270669	1.59062455244076e-36	3.41078226814512e-34	72.2474785214352	up
TNFSF4	1.0014352207449	4.6605523804632	14.1688181830096	2.30064941416823e-36	4.8114816143222e-34	71.882133018663	up
ERO1A	1.1748950389025	7.21026307276984	14.0845437110396	4.93477547952986e-36	1.00716983883417e-33	71.1267203052418	up
P4HA1	1.07434159468505	7.52744502151553	14.0751439939356	5.37279006535309e-36	1.07076545537743e-33	71.0425396565037	up
TMSB10	1.07979214545525	11.3890737992727	14.0581951202966	6.26292162212118e-36	1.23364991021782e-33	70.8907901991394	up
COL12A1	1.98308638035279	8.66137447897082	14.0350310872876	7.72205380972804e-36	1.46651111546292e-33	70.6834753823612	up
CD109	1.5871177103134	5.81953904512105	14.0340423064392	7.79138136904742e-36	1.46651111546292e-33	70.6746280299774	up
ANLN	1.56728734872641	4.46315752918932	13.9986233995919	1.07302197375975e-35	1.97576002559676e-33	70.3578227642544	up
ENO2	1.25407555149869	5.63255150517648	13.9774302404867	1.29936373273517e-35	2.34161932260998e-33	70.1683665614298	up
PFKP	1.2034448796607	7.05529703805598	13.9512694714627	1.64546453110025e-35	2.90355928717066e-33	69.9346132873434	up
CST1	2.30595596621112	6.35606191245964	13.942616441864	1.77909522396244e-35	3.07529317284937e-33	69.8573233232946	up
FXYD3	1.31722425291722	7.05235195112881	13.8550688036248	3.91707193376014e-35	6.56982163939572e-33	69.0761033998353	up
ACTN1	1.05011871156236	9.00216087511265	13.8517235749222	4.036886668103e-35	6.70439805467302e-33	69.0462806327611	up
RAI14	1.11497772853694	7.117154282722	13.84939828121	4.12231826310807e-35	6.77981275505346e-33	69.0255518249074	up
EPHX2	-1.27154815230487	5.31142506274936	-13.8007354640501	6.38818329407273e-35	1.04053677886146e-32	68.5919788604899	down
COL17A1	1.55138335823318	5.0481267620119	13.7535684979339	9.76297018330045e-35	1.56023315948217e-32	68.1721586797656	up
COL5A2	1.90964701823029	8.47459279227122	13.674397627503	1.9877461301245e-34	3.11781661521381e-32	67.4684368105022	up
CTHRC1	1.98064598474244	8.3098179623307	13.6706751651842	2.05525741133347e-34	3.19413399522835e-32	67.4353790157013	up
SPOCK1	1.22710604827088	5.82925148387261	13.668200008368	2.10140863509749e-34	3.23616929805013e-32	67.4133995702318	up
SFN	1.22421234853742	5.58675117999027	13.6631503857615	2.19879348667161e-34	3.3556361859655e-32	67.3685625227336	up
COL8A1	1.50617696555629	4.94311827426546	13.6430092384404	2.63411853208098e-34	3.9488467197745e-32	67.1897731530811	up
S100P	2.3315776031034	6.81261427668535	13.6166583678315	3.33596444300963e-34	4.95712611092834e-32	66.9559816398421	up
AEBP1	1.5412914230716	8.31347177212662	13.5825714514989	4.52727129029149e-34	6.66886744848155e-32	66.6537580524293	up
SAMD9	1.11578958229715	5.50680158207798	13.5561039998825	5.73771632091125e-34	8.30742858771253e-32	66.4192506520005	up
XAF1	1.11717385592501	6.59714083805361	13.5437329644812	6.40937190565928e-34	9.20125085439561e-32	66.3096888602116	up
SLC6A6	1.11880688546855	5.43857606183133	13.5262253441774	7.49602299713822e-34	1.05818857976268e-31	66.154688686066	up
EFNB2	1.33494096680878	6.82217571452516	13.5241387240662	7.6372225150563e-34	1.06921115210788e-31	66.1362193584095	up
EGLN3	1.49016031205877	5.75322863603426	13.5061859223701	8.96704247291572e-34	1.24509589746879e-31	65.9773500549777	up
CST2	1.2908380468092	5.78854810775344	13.503028704292	9.22372431048818e-34	1.26880524757122e-31	65.9494177473454	up
AGR2	2.24868686809467	7.82543425568831	13.5005511293939	9.43027258572115e-34	1.27799054081693e-31	65.9274997536455	up
JPT1	1.23173960456023	6.60862822346791	13.4984081399608	9.61264455501011e-34	1.29236665684025e-31	65.9085426987015	up
DDX60	1.26222380061705	6.86450858593566	13.4956508860005	9.85247569604662e-34	1.3141806164648e-31	65.8841531916653	up
EPHX1	-1.12842504601591	7.25668292406368	-13.4567117676338	1.39514273425209e-33	1.81797830140234e-31	65.5398807261262	down
MYRIP	-1.08198610659245	4.56553623730991	-13.414357513239	2.0360490443705e-33	2.5739306575848e-31	65.1657698983987	down
FOXQ1	1.45427558687047	7.42762341416923	13.4052577461032	2.20820232856251e-33	2.73043412013496e-31	65.0854413623842	up
ABHD17C	1.23555582101152	6.45029624519628	13.4016475976656	2.28045635844034e-33	2.7993428052159e-31	65.05357744535	up
MTMR11	1.0994997278752	5.75706143262134	13.4005286674188	2.30332589524001e-33	2.80707486801193e-31	65.0437020901498	up
FAP	2.01732065926797	7.22455689596586	13.340087283615	3.94708220925678e-33	4.7420973492773e-31	64.5106561417159	up
NUAK1	1.11437810443543	6.71560018694055	13.2824027480376	6.59499478426291e-33	7.81253228289606e-31	64.0026492981561	up
IL1RN	1.49650858401818	5.58929137389503	13.2599562408799	8.05159211920584e-33	9.27850139451339e-31	63.8051649707543	up
LTBP1	1.09235235895687	6.94789386196222	13.2292141639778	1.05803991499212e-32	1.2110267675653e-30	63.5348742357729	up
PCDH7	1.14598435002235	4.96339305371865	13.2218051307731	1.1299961253273e-32	1.27614229086964e-30	63.4697634052894	up
TMC5	2.13325548467305	7.00058758123764	13.2141237255905	1.20975337925846e-32	1.35716703606876e-30	63.4022716947347	up
CD55	1.28223012668922	8.32856493929851	13.2104301288184	1.25007925750351e-32	1.39318043566509e-30	63.3698229893529	up
COL1A2	1.85158709600081	11.3104159399753	13.1844669855405	1.57399056221379e-32	1.72021936283236e-30	63.1418185500483	up
MXRA5	1.43499175647188	8.33454521951354	13.1699778742945	1.78985001185823e-32	1.93121396183939e-30	63.0146422829656	up
BGN	1.47686157405295	8.63849969836078	13.1624602003014	1.91323388740756e-32	2.05127734510658e-30	62.9486752937485	up
BHLHE40	1.0389824275755	7.22230355873923	13.1221628906924	2.73441726919427e-32	2.91327223522962e-30	62.5952851056521	up
LGALS3BP	1.03072079622405	8.12985773731018	13.1038319238632	3.21636363044602e-32	3.40532499373473e-30	62.4346512220797	up
TGM2	1.52956714427708	7.24662975647822	13.0835798211771	3.84783128688193e-32	4.04858770184968e-30	62.2572709245774	up
PLAUR	1.20644068324235	7.03287718441376	13.0009346233012	7.98900318875092e-32	8.20204327378428e-30	61.5343862834635	up
PDK4	-1.79545295187188	7.51133016923415	-12.9954133763641	8.38811892436818e-32	8.52740452433178e-30	61.4861489725868	down
RAB31	1.42817443695694	8.14239049753056	12.9951642202443	8.40659123709214e-32	8.52740452433178e-30	61.483972344988	up
AHNAK2	1.21468892174959	4.61079585770472	12.9784558335174	9.74252465303282e-32	9.82371235847476e-30	61.3380408930061	up
NPC1	1.05696950802103	6.9834110702362	12.9767189248358	9.89300757968622e-32	9.83044931521824e-30	61.3228744276052	up
AHR	1.05353020497489	8.54839382590791	12.9712640742009	1.03808395362104e-31	1.02239198688026e-29	61.2752479513135	up
CCDC141	-1.03009252740625	4.00150694638248	-12.9602809691665	1.14370218175803e-31	1.11990259878503e-29	61.1793752390529	down
MFAP2	1.07326860588242	7.14591439060378	12.9589736547283	1.15696696777066e-31	1.12638048471465e-29	61.1679654331943	up
LDHA	1.0055674680111	10.9329841097444	12.9490095607181	1.26323849346146e-31	1.21586704995665e-29	61.0810153210785	up
OCIAD2	1.09289829739255	7.74106085158474	12.9163133048675	1.68518468310966e-31	1.59480606323338e-29	60.795860928902	up
LIPH	1.45412661161487	5.92702544162191	12.9085362418759	1.80468859216531e-31	1.68902899178345e-29	60.7280719508395	up
MGLL	1.13574798994897	6.76482388113761	12.8913259050065	2.10003437896445e-31	1.95464738349768e-29	60.5781087189017	up
AOX1	-1.75256944799719	6.2891112352538	-12.8897408167193	2.12954754580119e-31	1.97128608884547e-29	60.5643005134502	down
BTG2	-1.15554403321288	7.45481845919533	-12.8759456580999	2.40450273281972e-31	2.21371066815033e-29	60.4441518716133	down
IGFL2	1.300743962715	4.71794905589544	12.8653225222286	2.64011847900142e-31	2.39324456487341e-29	60.351660950782	up
SHISA2	1.20318349324434	5.3317731446544	12.8338110076072	3.48322360522789e-31	3.0893093126995e-29	60.0774638850758	up
DKK1	1.70219321042738	4.7645116268551	12.8238588597871	3.80164919225961e-31	3.35416340192072e-29	59.9909152282078	up
GPX8	1.21466602057668	6.86082756661571	12.8163239596357	4.06189227352408e-31	3.56221382286798e-29	59.9254040944775	up
SGPP2	1.08098961967755	5.65869643003986	12.8113554920004	4.24313573646721e-31	3.68608817311562e-29	59.8822139948153	up
MELK	1.2054265825019	5.2755398876775	12.8018302447519	4.61345018318629e-31	3.98733908689673e-29	59.799429333644	up
ADAM28	1.45205548264759	7.01286965454583	12.7973922058155	4.79682358327737e-31	4.12478129445272e-29	59.7608655460529	up
PLAT	1.69712740481958	8.32946617397998	12.777454603719	5.71446698348515e-31	4.86447591458485e-29	59.5876796213006	up
ERO1B	-1.83124200549782	6.70778393795635	-12.7391556240694	7.99634757720773e-31	6.67281418511817e-29	59.2552734179373	down
SKAP2	1.04299757687771	6.7693715270106	12.7316573813788	8.53967024385521e-31	7.05668360638572e-29	59.1902367347202	up
ANOS1	1.05939031711201	5.03875761715956	12.7239760322562	9.13443084277249e-31	7.46392944223044e-29	59.1236263186312	up
LRRN1	1.25088425825252	4.8428689868196	12.6970241117459	1.15672120269508e-30	9.37552974816009e-29	58.8900232604771	up
SLC2A1	1.1782760005717	5.00587794711787	12.6854778402625	1.27978288704649e-30	1.03235819555084e-28	58.7900026170529	up
PMEPA1	1.06494108682531	6.49695481343811	12.6847864408485	1.28755284508021e-30	1.0337035637753e-28	58.7840143655043	up
NPR3	1.33910346778372	5.59827677602084	12.6802257791021	1.33999700091137e-30	1.06834017209577e-28	58.7445172062586	up
TNFRSF21	1.03100976895522	7.27874664976776	12.6799438069997	1.34330848085242e-30	1.06834017209577e-28	58.7420753861281	up
OAS1	1.25329268983344	6.17249581712672	12.6749367295632	1.40348885242638e-30	1.10915191063609e-28	58.6987184557364	up
SRPX2	1.46951153900435	6.44567461013281	12.6745928391096	1.40771936710012e-30	1.10915191063609e-28	58.695740895037	up
MCOLN3	-1.00685561885514	4.56540662451639	-12.6658493088299	1.51965744772902e-30	1.18631323338846e-28	58.6200454069154	down
OAS2	1.24914106263526	5.68132371686224	12.5990246769235	2.72543961074506e-30	2.07035636798302e-28	58.0421624660216	up
ECM1	1.02632567171986	6.36125200053226	12.5647382785392	3.67629225049022e-30	2.73142064575896e-28	57.74610453899	up
GABRP	2.38758194471686	6.03052435920027	12.5106373316807	5.89157179717919e-30	4.26509513864169e-28	57.279568579692	up
COMP	1.92785959473439	6.54165223266916	12.5012070298259	6.39587379862942e-30	4.61047243186308e-28	57.198324963132	up
ARL4C	1.23177953436395	7.09571706916629	12.4964893974495	6.66407493480823e-30	4.78345039812082e-28	57.1576905090038	up
TFAP2A	1.12564380519317	4.64567568268706	12.4947609828532	6.76511742245301e-30	4.83548899309511e-28	57.1428045889045	up
NMU	1.4166788300159	4.28925985250235	12.4832679091451	7.476946690521e-30	5.32182676207671e-28	57.0438407603456	up
MSLN	1.46859941747675	5.31766616978613	12.4705814017539	8.34963716652478e-30	5.91811102932761e-28	56.9346409064668	up
FNDC1	1.71467760192308	6.31103458822429	12.4648217395259	8.77865145774479e-30	6.19626482059153e-28	56.8850782732195	up
BCAS1	1.26348418260364	5.38382476724817	12.4393706980975	1.09531131074825e-29	7.66717917523778e-28	56.6661737884658	up
WISP1	1.05726168271494	5.11822649649372	12.4077636572966	1.44142154431511e-29	9.80629757457747e-28	56.3945610584191	up
COL3A1	1.85391747442614	11.008615420097	12.3626384794416	2.1323041224724e-29	1.41098561854229e-27	56.0072447069119	up
COL1A1	1.67651093715311	11.0806637944081	12.3536692349327	2.30474254864382e-29	1.51915715074032e-27	55.9303256669143	up
COL5A1	1.38919318548763	7.49840829635492	12.3210340115812	3.057945103338e-29	1.99236884809791e-27	55.6506344900738	up
TOP2A	1.46253034459301	5.36306158637618	12.3030945831018	3.57176712125247e-29	2.30937919977163e-27	55.4970131586103	up
TGFBI	1.32842167297925	8.64063907832064	12.2966086089925	3.77799619317274e-29	2.42421422395251e-27	55.4414932641682	up
TPX2	1.12656916518305	4.74807489296552	12.2900947779954	3.99705026546316e-29	2.55509552818664e-27	55.3857465263552	up
SLC39A10	1.03030188816447	6.7079551551406	12.2833630297035	4.23673542887188e-29	2.69777696736189e-27	55.3281470512301	up
RSAD2	1.1082219922162	5.30388068484578	12.2829444255963	4.25210419294938e-29	2.69777696736189e-27	55.3245657219872	up
CLDN18	2.34213334906425	6.40560096074163	12.2790922000884	4.39616948335914e-29	2.77877280030238e-27	55.2916106216466	up
FHL2	1.13011672927307	7.52681255101098	12.2747871528767	4.56293058133711e-29	2.85225254789117e-27	55.2547865471506	up
TTN	-1.00930533662581	4.36538963662435	-12.271249041554	4.70469093963987e-29	2.93005384255512e-27	55.2245264343916	down
CCNB1	1.16085758854031	5.28648855444608	12.2091096331801	8.04730126038225e-29	4.8860675036156e-27	54.6936371243274	up
SULF2	1.46860776241995	7.51048831805881	12.1365026179838	1.50470327384897e-28	8.91247323741315e-27	54.0746867071929	up
SEC11C	-1.00416177183409	7.72613488760354	-12.1272358751089	1.62964997251888e-28	9.58551060224646e-27	53.9957981433619	down
ANXA3	1.21487349614723	7.63120972832359	12.1268266109469	1.63540045623657e-28	9.58604973309601e-27	53.9923146065036	up
SLC16A4	1.18574107998583	6.22314035302666	12.1218864920882	1.7064284220008e-28	9.96789567885987e-27	53.950269523806	up
CORIN	1.21259870552719	4.25026122686607	12.1214656334448	1.71261963895644e-28	9.96968270925158e-27	53.9466879403196	up
EPSTI1	1.27753374453099	6.09317543288284	12.0954939360536	2.14131697112667e-28	1.21724528492905e-26	53.7257619836452	up
FRMD6	1.09001932012631	7.25683718092001	12.0608276642491	2.88436986380007e-28	1.61295273470888e-26	53.4311779814343	up
PTPRR	1.15273018578431	3.92623047058093	12.0606695703736	2.88828865391793e-28	1.61295273470888e-26	53.4298353385524	up
LOXL1	1.06302101877774	6.80664368575306	12.0579348510365	2.95692168745088e-28	1.64230338968583e-26	53.4066113476443	up
LIFR	-1.02605602287044	5.12160833975301	-12.0314466412929	3.71176396072607e-28	2.03486347879287e-26	53.1817782554734	down
CRIP1	1.16522480439645	6.69565112269223	12.0100669239029	4.45875881920693e-28	2.42087738453094e-26	53.0004550137031	up
POSTN	1.75302806835215	5.38720759174873	12.0089281213526	4.5025039711789e-28	2.43681844318756e-26	52.9908004706437	up
ANKRD22	1.47309191374084	6.10642517565896	12.0004877108682	4.84033426384449e-28	2.60302420411192e-26	52.9192561571414	up
MX2	1.06076446120072	6.17774366948461	11.9931770318467	5.1532794785144e-28	2.75383452258782e-26	52.8573047554753	up
SPARC	1.53208727537936	10.4250868311995	11.9855017419273	5.50353557013608e-28	2.92256716483088e-26	52.7922804688984	up
TIMP1	1.36699007288609	9.95348552532811	11.9710943411029	6.22627792492822e-28	3.29603587650888e-26	52.6702691566119	up
COL6A3	1.5592462496805	10.1813739304038	11.942247383795	7.96971033357319e-28	4.16687941514598e-26	52.426158207901	up
MATN3	1.49373833513854	4.74433847387642	11.9416540590897	8.01025989903648e-28	4.17519392891317e-26	52.4211399136294	up
ASPM	1.29768221308354	4.50475923491349	11.9276228360476	9.03142818055948e-28	4.62212668817757e-26	52.3024953671643	up
DPYSL3	1.36571675264884	6.23677355034598	11.9045879626545	1.09963839642021e-27	5.57720791477795e-26	52.1078452160256	up
CTSB	1.08062939378499	9.78081596214948	11.874111024056	1.42646047276169e-27	7.14918355283524e-26	51.8505516636311	up
SERPINB5	1.35154351249728	3.66718442282672	11.8482619008057	1.77834270009772e-27	8.77929797087702e-26	51.6325461285257	up
S100A14	1.32151513090997	6.18978736813144	11.8479676924877	1.78280903304704e-27	8.77929797087702e-26	51.6300660045763	up
ANXA10	2.23169702364613	6.46519378610913	11.8374088506166	1.95071469212928e-27	9.5506089262052e-26	51.5410741832128	up
PLAC8	1.99638062034499	6.99536688773963	11.8273730456168	2.12487285221081e-27	1.02843846047003e-25	51.4565219371834	up
CCL20	1.76396475766198	5.49474233770233	11.7928796176389	2.85023966938424e-27	1.35246666664899e-25	51.1661464898702	up
DLGAP5	1.15146903211326	4.32482361451062	11.7698528981022	3.46690346101535e-27	1.62340776788814e-25	50.9725035340001	up
EPHA4	1.00099587468582	5.22144826200989	11.7604415277551	3.75566706616471e-27	1.74315886009913e-25	50.8934056063715	up
SERPINH1	1.1136204497506	7.36067614983029	11.7375101595586	4.56348992533467e-27	2.08370672062451e-25	50.700793125084	up
PAIP2B	-1.75352936084285	5.7623165101863	-11.7161405990492	5.47118758043591e-27	2.47812613937391e-25	50.5214456040582	down
SLC22A3	1.18400624016008	4.53972120390511	11.6871150970766	6.99832477335171e-27	3.12801112560892e-25	50.2780719030841	up
OLR1	1.77300888785659	5.71862748852783	11.6638970723381	8.51988887284048e-27	3.72937771333121e-25	50.0835825421698	up
TRHDE	-1.88366256123358	5.15010389488655	-11.5454287820752	2.31870186914673e-26	9.59866863371018e-25	49.0938704612046	down
PI3	1.23490785815611	5.0674520957456	11.544423792562	2.33843480839946e-26	9.63822035384109e-25	49.085493725888	up
IFI44	1.1813713508981	5.90075781892458	11.5366768692156	2.4962636609552e-26	1.02389119652739e-24	49.0209329084799	up
ACTA2	1.38342633479272	10.5696408712084	11.5239238261022	2.77950420657208e-26	1.12643065213711e-24	48.9146946059143	up
CENPK	1.09891470733507	4.40579505081984	11.5151604424162	2.99246272030597e-26	1.20409307558155e-24	48.8417223672645	up
CEP55	1.00859466533574	4.34464333129568	11.5131568077956	3.04339048231039e-26	1.2159206313759e-24	48.8250417008895	up
VILL	1.09927543664881	5.74851156492192	11.5032548158877	3.30802781047401e-26	1.3185409672807e-24	48.7426247243658	up
SLC7A2	-1.05618382441985	4.91221282914989	-11.4998199277326	3.40507991215879e-26	1.35403881952981e-24	48.714042653226	down
KLB	-1.07686132503448	3.84628271041165	-11.4940473756729	3.57460778868863e-26	1.41151179348218e-24	48.6660172729602	down
IFI44L	1.58095454059298	6.85667316882739	11.4755903982505	4.17508296476231e-26	1.64097228359799e-24	48.5125352722759	up
CEACAM1	1.14504176908262	5.44360978015922	11.4720262456925	4.30211531751947e-26	1.68698688608287e-24	48.4829097907013	up
P2RX1	-1.2427117329215	5.60942405114496	-11.4536342988701	5.02139583365532e-26	1.92885363768982e-24	48.3301007458623	down
CTSK	1.50248341305295	8.20483834417735	11.4242862750213	6.42487818718568e-26	2.44030126661268e-24	48.0864934789137	up
LCN2	1.87453810863408	8.33527494202087	11.4043684695845	7.59348731314975e-26	2.85852611299459e-24	47.9213248976407	up
GREM1	1.68652073636526	7.57493293648493	11.3877237992508	8.73067397185959e-26	3.22217030682574e-24	47.7833996555704	up
ENTPD1	1.13643602004125	6.01830933832136	11.3820268807095	9.15761318715762e-26	3.36507521454339e-24	47.7362135692718	up
C5	-1.38069267607842	5.56779217544025	-11.3813738002586	9.20786520775204e-26	3.37621724284241e-24	47.7308049648535	down
TMPRSS3	1.10072980487855	5.41696256833365	11.3753107620818	9.68769264338016e-26	3.5292368468572e-24	47.6805995947519	up
MALL	1.30374497168744	6.68061584094315	11.3690693687283	1.02076374371102e-25	3.70272758425367e-24	47.6289301454508	up
LEMD1	1.11586793033225	3.96886555205908	11.3237270218703	1.4917751762997e-25	5.24287790176701e-24	47.2539543880875	up
OLFML2B	1.46251277885234	6.59394596795925	11.3051843025936	1.74182242009797e-25	6.07129049309869e-24	47.1008074890422	up
SFTA2	1.22777493777584	5.01912763128573	11.2969438760681	1.86593446051313e-25	6.45080199205969e-24	47.0327859429802	up
GCNT3	1.73659378103577	7.09726696767279	11.2765713771613	2.21185253034593e-25	7.56945088162831e-24	46.8647175926619	up
LGALS1	1.1167755066804	9.21422620947328	11.2732868873151	2.27330817726295e-25	7.76408075057143e-24	46.8376345144539	up
LAMP5	1.47190446395382	5.98882652388459	11.2701823358014	2.33295823092029e-25	7.91990229093984e-24	46.8120385367473	up
ALOX5AP	1.20414382751275	7.56406983209448	11.253629337887	2.67830040942956e-25	8.94879860665418e-24	46.6756201018794	up
ID1	1.12259664305185	6.8008191781276	11.1666092420131	5.5254713202765e-25	1.78288541267588e-23	45.960006603817	up
KYNU	1.06610981227201	5.71497895725697	11.1543086779381	6.11977959621652e-25	1.97089479771688e-23	45.8590635859461	up
MX1	1.14486805387923	7.15822055377215	11.1440010821401	6.66647844165691e-25	2.13478534596726e-23	45.7745161832965	up
ESRRG	-1.08387996870165	4.55653999591058	-11.1365798103431	7.08992486732166e-25	2.24885144024698e-23	45.7136666232826	down
DHRS9	1.40866212514267	5.3733235575274	11.1363690273827	7.10233483194886e-25	2.24885144024698e-23	45.7119386222572	up
MMP12	1.98711239149533	5.43977996711456	11.1351967773194	7.17174708574426e-25	2.26659320209902e-23	45.7023287866791	up
TPM2	1.22481192332977	7.95970620106903	11.1337496752567	7.25836568170573e-25	2.2896967346014e-23	45.6904664403363	up
ASPN	1.30150774097035	8.77740780638341	11.1191953942588	8.18955216126694e-25	2.55961279726683e-23	45.5712012164728	up
FLNA	1.01369793615124	8.39233728355539	11.1160795321601	8.40385725699789e-25	2.62175583671352e-23	45.5456778943954	up
CDK1	1.06315598287118	4.87895042610306	11.0964266209836	9.89018380587058e-25	3.04064816100631e-23	45.3847713118533	up
KIAA1324	-1.85367769302383	6.30365234587599	-11.0679362044224	1.25207504512334e-24	3.79430255176913e-23	45.1517500679352	down
EDIL3	1.19477659703413	5.05169236166686	11.0461580764523	1.49913916229957e-24	4.51073133381077e-23	44.9738219587083	up
COL4A2	1.06477879057054	8.62877320318171	11.025269861466	1.78151588744072e-24	5.31318294599397e-23	44.8033229369411	up
FAM129A	-1.06692381453452	7.2890617079656	-11.0224648747159	1.82326177126343e-24	5.42812906945561e-23	44.780439222654	down
TNFAIP6	1.56469045237431	5.86142590385405	10.9986226016666	2.21975068503203e-24	6.55097153387501e-23	44.5860422243231	up
BST2	1.05767318072812	6.68142142176279	10.9873106572165	2.43678816404998e-24	7.14172863304612e-23	44.493882049451	up
PDGFRB	1.05225382936711	7.47619510880948	10.9849455050476	2.48476915029548e-24	7.26977364525138e-23	44.4746186000358	up
GPX2	1.61435829910799	6.82522706759711	10.9611357917372	3.02334031763014e-24	8.72493781612513e-23	44.2808079617143	up
MUCL3	2.09121457128321	5.32885119261828	10.9429528803693	3.51150994676082e-24	1.00651401858085e-22	44.1329373393093	up
IGFBP5	1.26549426937167	6.73533581972889	10.938051503853	3.65601810936252e-24	1.04616464142907e-22	44.0930979107045	up
RGN	-1.25240226067992	5.45685577767743	-10.9375409083786	3.67140817273022e-24	1.04879687092833e-22	44.0889481838012	down
ACSL5	1.38389938690156	7.15732285342412	10.9133908648747	4.47788752399499e-24	1.26636752348039e-22	43.8927835058688	up
NT5E	1.16976954049557	5.15772708297979	10.9045175164362	4.81656356173244e-24	1.35761375600246e-22	43.8207609377401	up
ACADL	-1.60523740981052	5.24554351144927	-10.8811053713928	5.83745034546056e-24	1.62375055586374e-22	43.630869105119	down
MT1G	-1.35543194222871	9.79953384515503	-10.8724620822817	6.2664668284649e-24	1.73738049221269e-22	43.5608156844985	down
PXDN	1.22671352396167	6.96890173402507	10.8722010599638	6.27989945697508e-24	1.73825975165291e-22	43.5587005387815	up
C2CD4B	-1.09400185428301	4.78222939980411	-10.7940261365292	1.1911921230294e-23	3.17276644089905e-22	42.9263571625608	down
LGALS2	-1.36038525007749	6.41914894951897	-10.7905826532617	1.22519781920054e-23	3.25311145098074e-22	42.8985556020636	down
DPP10	-1.44820009416008	3.8689836886175	-10.7870855265405	1.26072136329323e-23	3.33697185846678e-22	42.8703254719241	down
SLC43A1	-1.36895759515237	6.83606558339465	-10.7715925861216	1.4308268223852e-23	3.76369664149151e-22	42.7453155822548	down
SLC39A5	-1.46643822836649	6.07355768466001	-10.761505489872	1.55365560403615e-23	4.04906552805729e-22	42.6639728378697	down
IFI6	1.08070782061819	7.1352623822359	10.7438030712499	1.79508884244789e-23	4.65678483783572e-22	42.5213121883572	up
TFF1	2.23553359681264	7.69038532032068	10.7097434047924	2.36940470305536e-23	6.0539540980027e-22	42.247163635161	up
COL4A1	1.09032487866837	8.68199070005445	10.707967389117	2.40392134926243e-23	6.13289573140143e-22	42.2328803993078	up
ANPEP	-2.04956941629152	8.05029487602186	-10.6652407130732	3.40307533985411e-23	8.41578047549324e-22	41.889621289901	down
NUCB2	-1.23757395625065	8.86379661499291	-10.6573016734295	3.6298358603323e-23	8.96347222653487e-22	41.825917018882	down
IL2RG	1.12361259071787	6.7623816580146	10.6345945810491	4.36474757401773e-23	1.0654009208049e-21	41.6438444994148	up
IL1R2	1.19851929501315	5.9785621552891	10.6211136463181	4.86919235004319e-23	1.17331605134753e-21	41.5358438392763	up
DACT1	1.04858991822507	6.19436005209345	10.608953699396	5.37371650936379e-23	1.28938750238842e-21	41.4384861293875	up
KLF5	1.12857749447868	7.10915090316005	10.5541189640956	8.37636339885739e-23	1.95179636831698e-21	41.0001667600894	up
TCN1	2.10863534965706	7.37140351817934	10.5502287490119	8.6439692779575e-23	2.00587451463836e-21	40.9691148706204	up
GAS2	-1.06748146832536	5.15457323259607	-10.5015272290666	1.28079405046249e-22	2.90450484803676e-21	40.5808779246949	down
SLC16A10	-1.41834674203592	6.32309775552681	-10.4970826965276	1.32752798334809e-22	3.00244646701156e-21	40.5454935297663	down
MAL2	1.23371795475289	8.99624481874165	10.4808200833629	1.51344135760322e-22	3.40926816460087e-21	40.4160878557336	up
BACE1	-1.30565439184354	7.15627554082488	-10.4593918521408	1.79845576302619e-22	3.98246282688414e-21	40.2457376577229	down
S100A4	1.11700554489015	7.81222611624245	10.4576598928114	1.82369829714262e-22	4.03308735686631e-21	40.2319768686264	up
MT1M	-1.22739094636245	6.91424688269045	-10.4464264735873	1.99618896109337e-22	4.40879282932487e-21	40.1427538452517	down
CP	1.86776540738239	5.74464321589337	10.4405324415394	2.09308245497583e-22	4.60478140094682e-21	40.0959597191507	up
NCF2	1.15743291952717	6.52124585052329	10.4371532536611	2.15072734939654e-22	4.71934213714734e-21	40.0691377746378	up
GUCA1C	-1.69635791121486	3.84349102428884	-10.3913926674937	3.1058061210672e-22	6.67669488462924e-21	39.7063668062818	down
LUM	1.01797459551349	10.3596993971609	10.345017371984	4.50339617537442e-22	9.45322567668434e-21	39.3395803644277	up
F8	-1.1934662388361	5.71324974831723	-10.3249029378724	5.28949248054538e-22	1.09943561497471e-20	39.1807637184964	down
ANXA1	1.21900332900676	9.68079729010736	10.3129268216534	5.82081044922242e-22	1.2010295859906e-20	39.0862824480081	up
RBPJL	-1.93772940851149	5.63425726912973	-10.3101565683411	5.95107650246655e-22	1.22492388762799e-20	39.0644358388864	down
GPHA2	-1.29772832295546	5.5225224201779	-10.3011495292776	6.39496880802363e-22	1.311510552154e-20	38.993426664975	down
PM20D1	-1.66020298929175	4.51849534673554	-10.2889775464881	7.04753330875449e-22	1.43837607530483e-20	38.8975184786386	down
MT1F	-1.1073397799955	8.74318620932474	-10.2863527612871	7.19670229882138e-22	1.46705339280426e-20	38.8768446228464	down
MUC16	1.15783608040503	4.09929019643195	10.2760068741796	7.81585124876867e-22	1.58563497190588e-20	38.7953837403755	up
FAM83D	1.12801956923913	4.71399827656345	10.2694161897796	8.23757845956333e-22	1.6671992724612e-20	38.7435132307765	up
GPNMB	1.21355689742296	6.90257592798755	10.2635601630332	8.63122342530581e-22	1.74063005743667e-20	38.6974396287807	up
ALB	-2.89857260303724	5.97622505074511	-10.2458659445232	9.9378125320537e-22	1.98521868270035e-20	38.5583120139152	down
F5	1.08766144415373	5.64014956183737	10.2424117784353	1.02149228636832e-21	2.03577403895051e-20	38.5311673332487	up
FBN1	1.39038376869783	8.03114530283998	10.2377535907042	1.060082058478e-21	2.10772183927433e-20	38.4945685956507	up
TPST2	-1.20524164077651	7.7543671621854	-10.2177183725391	1.2432601688179e-21	2.42916116029702e-20	38.3372567797204	down
TMEM200A	1.05708495580085	5.94283752826857	10.2128692646955	1.2921270673582e-21	2.51882997940712e-20	38.2992076780398	up
VSIG1	1.56536840968955	4.31020897572542	10.1843427419193	1.62075865777865e-21	3.13063302882216e-20	38.0755684079857	up
MSN	1.00617495120477	9.05808599355604	10.1832815378276	1.6344686235894e-21	3.15351918947659e-20	38.0672554161956	up
AKAP7	-1.06799449091309	6.29432046223265	-10.1558078194797	2.03242958938856e-21	3.8771798698471e-20	37.8522022370411	down
MMP7	1.85496311545291	9.15189582664082	10.1495247045722	2.13619085315424e-21	4.05948902576502e-20	37.8030648664127	up
TMED6	-2.23808089049161	6.39385250033382	-10.1376474078295	2.34692233731477e-21	4.42726774990113e-20	37.710223143783	down
PRRX1	1.01394894443395	6.03140591682733	10.1233956867463	2.62719397447147e-21	4.90679888947593e-20	37.5988993263031	up
CCDC110	-1.1117664673708	3.90628413181304	-10.0255312308855	5.68762635416776e-21	1.02063972923307e-19	36.8367745980228	down
PLXDC2	1.0267359685665	7.16140534474747	10.0180488128323	6.03262005063938e-21	1.07571140692454e-19	36.7786726366698	up
THY1	1.10394616243038	7.22886684107059	9.99582419796344	7.18470982966174e-21	1.25992737592619e-19	36.6062371243317	up
ALKAL2	-1.32921872638415	5.99795696911417	-9.97218268279664	8.65071358441044e-21	1.50919761194555e-19	36.4230413998508	down
CXCL5	1.03084105505177	4.47519808176209	9.94627288254402	1.06001842857909e-20	1.8230164649878e-19	36.2225461725151	up
BNIP3	-1.25221645285128	7.15717772531528	-9.94224474892803	1.09401695145379e-20	1.87577400380843e-19	36.1914017846225	down
TRIM31	1.30331467635648	4.24879731329254	9.91603594556702	1.34325318039141e-20	2.26415013689856e-19	35.9889349143495	up
INHBA	1.04117409088662	4.75173877512042	9.88394979084157	1.72625832020133e-20	2.88390689785113e-19	35.7414724387747	up
PAK3	-1.26760592845389	6.33759205899187	-9.87327986878713	1.87625830782749e-20	3.11911832527946e-19	35.6592811751522	down
SEMA3C	1.16642946955263	6.13467195720129	9.86935753694729	1.9345937366178e-20	3.20352081117356e-19	35.6290796987324	up
MMP1	1.94980001786781	6.25428295907043	9.8519852074605	2.21538490709766e-20	3.64002137014883e-19	35.4953962056788	up
GNMT	-1.84997465052105	5.2543170505439	-9.83479952388741	2.53291330796402e-20	4.13766166219002e-19	35.3632798281481	down
TMEM45B	1.18646445549358	5.85418265719889	9.80436196986327	3.21003858041352e-20	5.18874556795849e-19	35.1296090841069	up
EGF	-2.11164987296599	5.418386130974	-9.77778150001268	3.94655434572332e-20	6.31299628107204e-19	34.9258858604171	down
PDIA2	-2.37116524134124	6.76223420575825	-9.76098227676047	4.4961964139195e-20	7.16515214033832e-19	34.7972924297579	down
NRG4	-1.50002467606508	4.2735905612809	-9.74904524580601	4.93230713866267e-20	7.81602272487798e-19	34.7059944453058	down
HMCN1	1.09342664605536	6.04655604251361	9.72085896250909	6.13585828219867e-20	9.59754748849913e-19	34.4906709925813	up
CXCL8	1.53359450916344	6.59309380078691	9.71070557662304	6.63737368991431e-20	1.03248035176445e-18	34.4131937990901	up
LAMA4	1.18221820810895	7.02262734074925	9.67487924655055	8.75454339931393e-20	1.33125641996749e-18	34.14018672991	up
GPR87	1.00816287517964	3.45257039692016	9.666805493632	9.3174193338728e-20	1.4143107841918e-18	34.078742666745	up
CHRM3	-1.10687602282335	4.64651408202544	-9.63875214055782	1.15672016294306e-19	1.72793999649518e-18	33.8654773816918	down
NRCAM	-1.37487976586523	6.09779542987094	-9.62284907236842	1.30740273495724e-19	1.93765549695325e-18	33.7447395799956	down
F11	-1.35982797103769	4.17936784179233	-9.61109433050857	1.4311540803052e-19	2.10815218438001e-18	33.6555706839003	down
CKS2	1.03614560400857	5.77969232640496	9.60647325050791	1.48292692642572e-19	2.17684420568905e-18	33.6205335237598	up
MMP9	1.10273490652804	5.85721533314499	9.6040816150246	1.51044747566004e-19	2.21340659495511e-18	33.6024039224995	up
SERPINA1	1.09315040412793	8.71544117952319	9.56571213736432	2.02801450812679e-19	2.91387326273688e-18	33.3119067929688	up
KLK10	1.27954553467185	6.12637638330637	9.54574771906507	2.36341155234125e-19	3.3728889382191e-18	33.1610239073845	up
SFRP2	1.37868790444559	9.14003417492043	9.53455373633908	2.57497740937231e-19	3.66555607687117e-18	33.0765051425604	up
LINC00339	-1.08130338495523	5.63581881251472	-9.5324643137059	2.61649935625225e-19	3.71841435360009e-18	33.0607356570301	down
NR5A2	-1.8874418362031	6.67070235066897	-9.51701235968909	2.94490030556351e-19	4.14685047184088e-18	32.9441782012511	down
KRT23	1.34652529798659	5.24290342336206	9.51412466448156	3.0106601418253e-19	4.23592880419606e-18	32.9224080049039	up
LOX	1.21770487902964	6.12476928209096	9.43285337331608	5.59644088207894e-19	7.56613795230784e-18	32.3113069691264	up
BIRC3	1.01987417610506	7.65746776780981	9.41174653642586	6.57085018376731e-19	8.82713736027107e-18	32.1531070260609	up
GRPR	-1.09843093685015	4.23241510540836	-9.3666909638447	9.24964983422359e-19	1.22127099136202e-17	31.8161130219091	down
IAPP	-2.32275544502099	6.21969371362254	-9.3620769637603	9.57877182012163e-19	1.26079560709293e-17	31.7816570382263	down
MUC13	1.50315426398416	6.30655174595504	9.35353993934016	1.02186491311449e-18	1.33362031033586e-17	31.7179318620213	up
SCNN1A	1.04037447631071	6.9750169982478	9.34211618495336	1.11416670134565e-18	1.44296513155927e-17	31.6327129821956	up
MFAP5	1.43615484155629	7.07440843155939	9.3131272319008	1.38718502445618e-18	1.77484247086765e-17	31.4167419229535	up
PSAT1	-1.20697498159607	5.68385023490981	-9.28786851618193	1.67853335337606e-18	2.11880439688454e-17	31.2288909161656	down
ST6GALNAC1	1.22693414833606	5.40800553821058	9.25222461974135	2.19555081649035e-18	2.7247348594393e-17	30.9643287623182	up
DPEP1	-1.1579486486581	6.4156197727253	-9.21226352585135	2.96461545549889e-18	3.63390635428012e-17	30.6684562355863	down
TCEA3	-1.07393879467178	7.43333909665964	-9.20331795819103	3.17043880062426e-18	3.87498075631854e-17	30.6023297976287	down
GBP3	1.06898371525667	6.89290642163616	9.1782842797625	3.82479400218419e-18	4.61153098911033e-17	30.4174868081214	up
EPB41L4B	-1.21366226880248	7.19784081109033	-9.14225985128167	5.00775337778333e-18	5.92550430125518e-17	30.1520309521567	down
NNMT	1.10165163368361	8.56736889136303	9.07076461467394	8.53303031095813e-18	9.76026559538357e-17	29.6271000088659	up
SERPINB2	1.2435912160513	4.81848012366057	9.01522331643846	1.28873507957231e-17	1.43061417090138e-16	29.2210654619131	up
AQP8	-2.07245214328695	6.10834332659693	-9.01496433109818	1.29121050309007e-17	1.43186465297703e-16	29.2191757776442	down
SYBU	-1.07100040853766	6.64593477537033	-9.0146565549812	1.29415840452798e-17	1.43287865181072e-16	29.2169301358106	down
MOXD1	1.1055948976647	7.13614249859556	8.96710066253058	1.8398049825793e-17	1.9940048883489e-16	28.8705201447415	up
TSPAN8	1.51571460287922	9.15538400522188	8.94719722161954	2.13094036748468e-17	2.29778038352582e-16	28.7258780634994	up
ADAM12	1.19004911962675	5.76640959134157	8.93388039971544	2.35076804006413e-17	2.51401582062413e-16	28.6292146615296	up
KLK1	-2.09874550277102	7.55664319150635	-8.92217714922858	2.56241838604756e-17	2.7258274931694e-16	28.5443383724683	down
ERP27	-2.57513468372517	7.79574985145131	-8.89183357219595	3.20320153516068e-17	3.34332926713629e-16	28.3246015540726	down
SERPINI2	-2.74299355223835	6.35762092999641	-8.87011149341588	3.75710288818853e-17	3.88555085017788e-16	28.1675882932048	down
RGS1	1.19004179001215	7.28020418458882	8.80590302608265	6.01172641317907e-17	6.0618241332889e-16	27.7048939920984	up
RAB25	1.01136995667484	6.93146510686163	8.78799751265151	6.85119192085175e-17	6.85648194613632e-16	27.5762456161067	up
C19orf33	1.20524666857947	7.2977291989251	8.76378063642446	8.17389661005371e-17	8.11164666516168e-16	27.4025167911373	up
MACC1	1.0056298743085	6.627304246999	8.72851138194364	1.05644473096364e-16	1.02615675129152e-15	27.1500482088696	up
SERPINB3	1.4347354614552	3.83600025802453	8.72527252543482	1.08159478167528e-16	1.04638581391086e-15	27.1268961539793	up
FGL1	-1.87793742361322	5.7328894590975	-8.7250746395407	1.08315046091336e-16	1.04669531134469e-15	27.1254818010359	down
HOMER2	-1.23096990045284	5.80738152279573	-8.70925742009513	1.21493708571892e-16	1.16342759932609e-15	27.012497772488	down
DUOX2	1.64296208467827	5.98533196729665	8.61969728150054	2.32186121721161e-16	2.13522865252897e-15	26.3752557071575	up
CTRL	-2.58388613813051	7.67055168171952	-8.5491406022257	3.8561289197513e-16	3.41467976479807e-15	25.8762403200683	down
SFRP4	1.47439464839576	7.994108421144	8.540143411633	4.11304642002707e-16	3.61572425299733e-15	25.8127996894362	up
S100A2	1.14170234600518	4.85064600602217	8.51453043371498	4.94089585435946e-16	4.29224491142817e-15	25.6324379924261	up
PBLD	-1.01614731816924	5.53578486715518	-8.45712320859464	7.44319921575508e-16	6.28240133108575e-15	25.2294806144786	down
RARRES1	1.04234736158263	6.13293012696814	8.42355868975913	9.45039765678716e-16	7.81306668159953e-15	24.9947150591568	up
SLC17A4	-1.0291871885829	3.97559611545629	-8.40529617959306	1.07586490923714e-15	8.80016975493827e-15	24.867238338295	down
PLS1	1.13654238070709	7.50410889455275	8.38217882226601	1.26742422901832e-15	1.02629858697755e-14	24.706136916751	up
CYP2C18	1.25058534488386	4.95681064958447	8.27517158829321	2.69581492590278e-15	2.07201020166938e-14	23.9642787894811	up
IGFBP2	-1.04700529265158	7.93984398233418	-8.27196072462715	2.75729421464417e-15	2.11446645523188e-14	23.9421172610171	down
BEX1	-1.22105328633526	7.18497758114109	-8.25487801072416	3.1084472256772e-15	2.37301018490184e-14	23.8243088393841	down
CXCL10	1.09098043341983	5.56689406970777	8.24152622764417	3.41338389462124e-15	2.57906883028028e-14	23.73234440813	up
SCGN	-1.35749974644725	6.39052685115281	-8.20784648530698	4.32029519189055e-15	3.21554483965843e-14	23.5008114097504	down
IL22RA1	-1.19590965608979	6.15655164125763	-8.18883029216836	4.93366176980098e-15	3.63849501003172e-14	23.3703669276825	down
PLA2G7	1.05149556444405	6.37905733234828	8.17406886705084	5.46845960152942e-15	3.99808828873148e-14	23.2692500483628	up
CCL18	1.25860935853582	6.49009197378525	8.16863048659847	5.67960893838254e-15	4.1417380721567e-14	23.2320279338255	up
LYZ	1.38550819059605	9.19548171944309	8.15036362415142	6.44957523880477e-15	4.66108381166181e-14	23.1071265629162	up
SLC26A9	1.00801859440767	4.61326775950049	8.11647394000057	8.16113018873288e-15	5.81124612850504e-14	22.875906959604	up
PNLIPRP1	-2.90406818545995	8.006445891416	-7.99314418508801	1.91148751746746e-14	1.27282226988596e-13	22.040039172799	down
PNLIPRP2	-2.82609316339034	8.58937349949022	-7.98877249933985	1.96972115750501e-14	1.30888549418725e-13	22.0105717674206	down
ADH1B	-1.2662325610453	7.33323318209939	-7.93673496249239	2.81306515519056e-14	1.83352534547626e-13	21.6606691759664	down
GRB14	-1.08820354445631	5.24959590256944	-7.92081869345404	3.13606372329336e-14	2.02581067961837e-13	21.5539643372008	down
GP2	-2.67818844386951	8.81833429098841	-7.80823472621422	6.73715036158355e-14	4.11417906002975e-13	20.8034578252918	down
KRT6A	1.19458408863096	4.15133876511242	7.80778922933955	6.7574677458986e-14	4.12501695909948e-13	20.8005030095992	up
SLCO1B3	1.03781530092505	3.60846387747314	7.75374359245884	9.72879618371246e-14	5.79078732790194e-13	20.4429192366835	up
KCNJ16	-1.54928938885758	6.06585350061741	-7.69357070458454	1.45680364262006e-13	8.47758629542557e-13	20.04686159333	down
CELA2B	-2.41325502367009	7.82187949372607	-7.62692487627729	2.27257397957222e-13	1.28239184590118e-12	19.6107596754075	down
MUC1	1.09382737301739	8.64568802643892	7.61806471504131	2.41048959141889e-13	1.35345355249042e-12	19.552986410264	up
SULT1C2	1.13950527149253	5.25237148272548	7.60379294271686	2.65019490868401e-13	1.47387727357541e-12	19.460027361914	up
EPYC	1.21285696640309	4.27262061090376	7.55345868292988	3.6988223955407e-13	2.00955905646117e-12	19.1331734706884	up
IMPA2	-1.00814071067489	7.35960753352647	-7.54924260680129	3.80330299612365e-13	2.06235444156001e-12	19.1058664540732	down
LGALS4	1.24677820972835	8.27302315812284	7.46154190400495	6.77247525504688e-13	3.53873321469753e-12	18.5403351587288	up
HPGD	1.10197629380164	5.98690354487595	7.42110295262183	8.82285670701199e-13	4.53456288279075e-12	18.2811807577378	up
SLC4A4	-1.46359194996178	6.84679395689435	-7.34558361595073	1.44193914642013e-12	7.17159399305840e-12	17.7999617050478	down
MUC17	1.23020344814696	4.63260077198209	7.3028786637642	1.90068302155795e-12	9.30028029612698e-12	17.529435573213	up
C6	-1.19237477714691	6.44240076987927	-7.26003774420909	2.50472707956049e-12	1.20130455061593e-11	17.2592138465276	down
CTRC	-2.54814807468637	8.72633791001478	-7.25594649246345	2.57146149201927e-12	1.23156792973725e-11	17.2334693234798	down
CPA2	-2.59392344585116	9.24762395760514	-7.23754188129385	2.8939787210318e-12	1.37746556713343e-11	17.1177893869619	down
TMEM97	-1.13748886083879	7.09811544261559	-7.1527159405937	4.97522355214162e-12	2.2778455938724e-11	16.5874413386743	down
ARL14	1.05751196355506	6.37396089347086	7.01217714553974	1.20873280424504e-11	5.21901192026883e-11	15.7190475260989	up
CELP	-1.97838490336811	7.37781316120715	-6.99352107089826	1.35860905064148e-11	5.82211923042413e-11	15.6047445016812	down
CYP3A5	1.04091079297848	6.94802456126805	6.93333209840559	1.97791733733428e-11	8.29765222744992e-11	15.2375444152541	up
SPP1	1.01825720649088	6.7055960806666	6.8076916278683	4.29938324205883e-11	1.71328045449251e-10	14.4788187898901	up
FAM3B	-1.20625319334578	7.66656959461528	-6.71721280136802	7.47226168436396e-11	2.85604947953803e-10	13.9390148311971	down
CLPS	-2.38473136107868	9.29635190406814	-6.68241366152	9.22890088201167e-11	3.4687725968777e-10	13.7328825389521	down
GATM	-1.12879075514953	5.88218568017011	-6.67449932403425	9.68179662099864e-11	3.6229210240715e-10	13.6861175603824	down
AZGP1	-1.15370213970417	7.1321213802582	-6.63004814287505	1.26612459125634e-10	4.65454656594668e-10	13.4242581844945	down
TFF2	1.25196856899764	6.80165476431247	6.57428708187074	1.76942201099524e-10	6.3585084569918e-10	13.097696161622	up
PRSS3	-1.51501518376121	8.9263103984906	-6.54460687366974	2.11266154498378e-10	7.50912433319874e-10	12.9247524017318	down
CEL	-2.36277055574351	9.25946816871899	-6.53250269347574	2.27068738763973e-10	8.026239515938e-10	12.8543980233544	down
REG1CP	-1.7583399435499	6.83716907447899	-6.41034278065904	4.67636789098181e-10	1.58403663413781e-09	12.1500818129844	down
SYCN	-1.92998383042015	8.39715835522442	-6.35080379834313	6.62555045272028e-10	2.19298211545685e-09	11.8106117938134	down
PLA2G1B	-2.28584952364009	9.49949370158341	-6.33408232679796	7.30344501310215e-10	2.40327036755926e-09	11.7157234675278	down
CELA3B	-2.0093683218836	9.38213563310325	-6.16137320867493	1.974972305988e-09	6.12411328270854e-09	10.7473483595635	down
CELA3A	-2.10757613925427	9.86799223010266	-6.0756921390672	3.21018129257952e-09	9.63850958814197e-09	10.2749217177957	down
DMBT1	1.09604013281679	6.32239681021306	5.82241844520083	1.30887334059198e-08	3.63420986553485e-08	8.90993321145173	up
CPA1	-2.03002081127727	9.53818349979061	-5.57621766571963	4.90782197899381e-08	1.25833970522408e-07	7.62907749861592	down
REG1A	-1.6279344499483	10.2968830203078	-5.57148761038336	5.03184242493008e-08	1.28799351281831e-07	7.60492085500806	down
GC	-1.03832744459032	6.01413958602005	-5.51049869348756	6.9315269322338e-08	1.74602328969577e-07	7.29498656945786	down
PNLIP	-1.94289505434946	10.0145399439238	-5.38231799132855	1.34665021050814e-07	3.25825804554791e-07	6.65296473642454	down
REG1B	-1.89783373737774	9.22975313722366	-5.34928548181265	1.59483433550825e-07	3.81204596363802e-07	6.48958552092666	down
FABP4	-1.12677485034936	6.60038023970253	-5.24784581809061	2.66728234951739e-07	6.19210127460938e-07	5.99321205601194	down
SLC3A1	-1.03687186069611	7.5459488450275	-5.06891882539927	6.48245899389277e-07	1.44566686883285e-06	5.13752305877628	down
OLFM4	1.15360073459893	9.04035516262041	4.88749039137097	1.55546935334118e-06	3.30154753108627e-06	4.296091383657	up
REG4	1.08677177464971	5.23406861785481	4.87923847649917	1.61765620776941e-06	3.42581524685758e-06	4.25845480660443	up
CPB1	-1.67002710261787	10.0857198559398	-4.87795600713135	1.62753394365796e-06	3.44501124647831e-06	4.2526105083081	down
PRSS2	-1.23679406150438	9.82188782499991	-4.82031819422332	2.13685029959362e-06	4.45791183191084e-06	3.99133718747737	down
CFTR	-1.1237499504554	8.29058563875157	-4.6508449245105	4.68678042496557e-06	9.39019046705107e-06	3.2389176786328	down
REG3G	-1.13904277022185	5.90201881510527	-4.57599590247772	6.58232286025452e-06	1.29265649493058e-05	2.91417700873666	down
REG3A	-1.37318374074336	8.24448900513345	-4.18704535037735	3.57636652673805e-05	6.4705381782487e-05	1.30257764093493	down
